username,password,nombre,apellidos,email@email.com,12546,https://k60.kn3.net/4/E/7/9/A/8/F9B.jpg,Description1,ACTIVITIES,14/12/1995,MAN,España,,,Sevilla
usuario,contraseña,nombrees,aplefds,email@gmail.com,+346647,https://k60.kn3.net/4/E/7/9/A/8/F9B.jpg,Descripcion larga,FRIENDSHIP,14/10/1970,WOMAN,España,,,Madrid
chorbo,chorbito1,Pepe,Gomes,mail@gome.com,1236587,https://k60.kn3.net/4/E/7/9/A/8/F9B.jpg,ayayay Que calores,LOVE,02/02/1996,MAN,Mexico,,,MexicoDF
Tiawena65,lamA$waP@,Zenia,Lopez,yo@mail.com,696969,https://k60.kn3.net/4/E/7/9/A/8/F9B.jpg,Soy más joven de lo que parece,LOVE,13/05/1997,Honduras,,,Tegucigalpa
us€rname,password,nombre,apellidos,email@email.com,12546,https://k60.kn3.net/4/E/7/9/A/8/F9B.jpg,Description1,ACTIVITIES,14/12/1995,MAN,España,,,Sevilla
usuario1,contraseña,nombrees,aplefds,email@gmail.com,+346647,https://k60.kn3.net/4/E/7/9/A/8/F9B.jpg,Descripcion larga,FRIENDSHIP,14/10/1970,WOMAN,España,,,Madrid
chorbo1,chorbito1,Pepe,Gomes,mail@gome.com,1236587,https://k60.kn3.net/4/E/7/9/A/8/F9B.jpg,ayayay Que calores,LOVE,02/02/1996,MAN,Mexico,,,MexicoDF
Tiawena66,lamA$waP@,Zenia,Lopez,yo@mail.com,696969,https://k60.kn3.net/4/E/7/9/A/8/F9B.jpg,Soy más joven de lo que parece,LOVE,13/05/1997,Honduras,,,Tegucigalpa
username99,password,nombre,apellidos,email@email.com,12546,https://k60.kn3.net/4/E/7/9/A/8/F9B.jpg,Description1,ACTIVITIES,14/12/1995,MAN,España,,,Sevilla
usuario99,contraseña,nombrees,aplefds,email@gmail.com,+346647,https://k60.kn3.net/4/E/7/9/A/8/F9B.jpg,Descripcion larga,FRIENDSHIP,14/10/1970,WOMAN,España,,,Madrid
chorbo99,chorbito1,Pepe,Gomes,mail@gome.com,1236587,https://k60.kn3.net/4/E/7/9/A/8/F9B.jpg,ayayay Que calores,LOVE,02/02/1996,MAN,Mexico,,,MexicoDF
Tiawena695,lamA$waP@,Zenia,Lopez,yo@mail.com,696969,https://k60.kn3.net/4/E/7/9/A/8/F9B.jpg,Soy más joven de lo que parece,LOVE,13/05/1997,Honduras,,,Tegucigalpa
1username,password,nombre,apellidos,email@email.com,12546,https://k60.kn3.net/4/E/7/9/A/8/F9B.jpg,Description1,ACTIVITIES,14/12/1995,MAN,España,,,Sevilla
1usuario,contraseña,nombrees,aplefds,email@gmail.com,+346647,https://k60.kn3.net/4/E/7/9/A/8/F9B.jpg,Descripcion larga,FRIENDSHIP,14/10/1970,WOMAN,España,,,Madrid
1chorbo,chorbito1,Pepe,Gomes,mail@gome.com,1236587,https://k60.kn3.net/4/E/7/9/A/8/F9B.jpg,ayayay Que calores,LOVE,02/02/1996,MAN,Mexico,,,MexicoDF
1Tiawena65,lamA$waP@,Zenia,Lopez,yo@mail.com,696969,https://k60.kn3.net/4/E/7/9/A/8/F9B.jpg,Soy más joven de lo que parece,LOVE,13/05/1997,Honduras,,,Tegucigalpa
1us€rname,password,nombre,apellidos,email@email.com,12546,https://k60.kn3.net/4/E/7/9/A/8/F9B.jpg,Description1,ACTIVITIES,14/12/1995,MAN,España,,,Sevilla
1usuario1,contraseña,nombrees,aplefds,email@gmail.com,+346647,https://k60.kn3.net/4/E/7/9/A/8/F9B.jpg,Descripcion larga,FRIENDSHIP,14/10/1970,WOMAN,España,,,Madrid
1chorbo1,chorbito1,Pepe,Gomes,mail@gome.com,1236587,https://k60.kn3.net/4/E/7/9/A/8/F9B.jpg,ayayay Que calores,LOVE,02/02/1996,MAN,Mexico,,,MexicoDF
1Tiawena66,lamA$waP@,Zenia,Lopez,yo@mail.com,696969,https://k60.kn3.net/4/E/7/9/A/8/F9B.jpg,Soy más joven de lo que parece,LOVE,13/05/1997,Honduras,,,Tegucigalpa
1username99,password,nombre,apellidos,email@email.com,12546,https://k60.kn3.net/4/E/7/9/A/8/F9B.jpg,Description1,ACTIVITIES,14/12/1995,MAN,España,,,Sevilla
1usuario99,contraseña,nombrees,aplefds,email@gmail.com,+346647,https://k60.kn3.net/4/E/7/9/A/8/F9B.jpg,Descripcion larga,FRIENDSHIP,14/10/1970,WOMAN,España,,,Madrid
1chorbo99,chorbito1,Pepe,Gomes,mail@gome.com,1236587,https://k60.kn3.net/4/E/7/9/A/8/F9B.jpg,ayayay Que calores,LOVE,02/02/1996,MAN,Mexico,,,MexicoDF
1Tiawena695,lamA$waP@,Zenia,Lopez,yo@mail.com,696969,https://k60.kn3.net/4/E/7/9/A/8/F9B.jpg,Soy más joven de lo que parece,LOVE,13/05/1997,Honduras,,,Tegucigalpa